{
  "project_info": {
    "project_number": "16427072623",
    "project_id": "coffeeshop-21508",
    "storage_bucket": "coffeeshop-21508.firebasestorage.app"
  },
  "client": [
    {
      "client_info": {
        "mobilesdk_app_id": "1:16427072623:android:6e7ab930b714bafc75219a",
        "android_client_info": {
          "package_name": "com.example.newpro"
        }
      },
      "oauth_client": [],
      "api_key": [
        {
          "current_key": "AIzaSyAB1nGPz0bNyQEeZNRbHqaOeXVfRY_l2-g"
        }
      ],
      "services": {
        "appinvite_service": {
          "other_platform_oauth_client": []
        }
      }
    }
  ],
  "configuration_version": "1"
}